found_date,metro,title,company,location,posted,source,flags,url
2026-09-17,SF Bay Area,Senior RF Engineer,Fresh Consulting,"San Francisco, California",2026-09-09,Adzuna,,https://www.adzuna.com/details/5876798214?utm_medium=api&utm_source=d677d981
2026-09-17,SF Bay Area,RF Engineer (Level IV) - TS/SCI clearance with Security Clearance,Lockheed Martin,"Sunnyvale, Santa Clara County, California",2026-09-14,Adzuna,⚠️ 클리어런스/시민권,https://www.adzuna.com/land/ad/5884282420?se=wjawzEOy8RGRr_JonSYGrg&utm_medium=api&utm_source=d677d981&v=7144EE0D40F92807150B39D6D5D8562B22DCFA76
2026-09-17,SF Bay Area,RF Engineering Technical Leader,Cisco,"San Jose, Santa Clara County, California",2026-08-29,Adzuna,,https://www.adzuna.com/details/5860719894?utm_medium=api&utm_source=d677d981
2026-09-17,SF Bay Area,RF Engineer — Cavity Design & Tuning,"Tachyon Industrial, Imc","Redwood City, San Mateo County, California",2026-09-10,Adzuna,,https://www.adzuna.com/details/5878176122?utm_medium=api&utm_source=d677d981
2026-09-17,SF Bay Area,Wireless/RF Engineering Program Manager,Apple,"Monte Vista, Santa Clara County, California",2026-09-06,Adzuna,,https://www.adzuna.com/details/5872882249?utm_medium=api&utm_source=d677d981
2026-09-17,SF Bay Area,RF Operations Engineer 1 (Career Fair Only),MARKI MICROWAVE LLC,"Morgan Hill, Santa Clara County, California",2026-09-16,Adzuna,,https://www.adzuna.com/land/ad/5886896283?se=wjawzEOy8RGRr_JonSYGrg&utm_medium=api&utm_source=d677d981&v=3C15C518CBD505D2F42E8787B69650326619541C
2026-09-17,SF Bay Area,"Staff Engineer, Optics & RF",Cowboy Space Corp.,"San Carlos, San Mateo County, California",2026-09-03,Adzuna,,https://www.adzuna.com/land/ad/5869298714?se=wjawzEOy8RGRr_JonSYGrg&utm_medium=api&utm_source=d677d981&v=2B4CDB8D3259DE9C89A428353811F50CAE536F00
2026-09-17,SF Bay Area,RF Systems Engineer Sr.,Applied Materials,"Santa Clara, Santa Clara County, California",2026-09-11,Adzuna,,https://www.adzuna.com/details/5879359194?utm_medium=api&utm_source=d677d981
2026-09-17,SF Bay Area,Senior Antenna Design Engineer,E-Space,"Saratoga, Santa Clara County, California",2026-08-20,Adzuna,,https://www.adzuna.com/details/5850435309?utm_medium=api&utm_source=d677d981
2026-09-17,SF Bay Area,Radio Frequency Engineer,Trimble,"Sunnyvale, Santa Clara County, California",2026-09-01,Adzuna,,https://www.adzuna.com/details/5866410385?utm_medium=api&utm_source=d677d981
2026-09-17,SF Bay Area,RF System Integration Engineer — Cellular Technology,Apple,"Monte Vista, Santa Clara County, California",2026-09-11,Adzuna,,https://www.adzuna.com/details/5879783122?utm_medium=api&utm_source=d677d981
2026-09-17,SF Bay Area,Signal Integrity Engineer,Hewlett Packard Enterprise,"Sunnyvale, Santa Clara County, California",2026-08-21,Adzuna,,https://www.adzuna.com/details/5850791385?utm_medium=api&utm_source=d677d981
2026-09-17,SF Bay Area,"Signal Integrity Engineer - Serdes, Satellites (Starlink)",SpaceX,"Palo Alto, Santa Clara County, California",2026-09-16,Adzuna,,https://www.adzuna.com/details/5886469666?utm_medium=api&utm_source=d677d981
2026-09-17,SF Bay Area,Area Manager – Wireless Engineering Services,KGP Telecommunications,"San Francisco, California",2026-08-21,Adzuna,,https://www.adzuna.com/details/5851074233?utm_medium=api&utm_source=d677d981
2026-09-17,SF Bay Area,"Sr. HW Regulatory Compliance Engineer, Hardware",Amazon Lab126,"Sunnyvale, Santa Clara County, California",2026-08-20,Adzuna,,https://www.adzuna.com/land/ad/5850468031?se=wjawzEOy8RGRr_JonSYGrg&utm_medium=api&utm_source=d677d981&v=D25F53AD968D71CB855433AC1E34B50EB94848F5
2026-09-17,SF Bay Area,"Sr. HW Regulatory Compliance Engineer, Hardware",Amazon,"Sunnyvale, Santa Clara County, California",2026-09-16,Adzuna,,https://www.adzuna.com/details/5886456941?utm_medium=api&utm_source=d677d981
2026-09-17,SF Bay Area,Sr. RF Front-End Engineer — Phased Array Antenna & RF Front-End Electronics,E-Space,"Saratoga, Santa Clara County, California",2026-09-06,Adzuna,,https://www.adzuna.com/details/5873646162?utm_medium=api&utm_source=d677d981
2026-09-17,SF Bay Area,Sr. RF Test and Integration Engineer,Rivian and Volkswagen Group Technologies,"Palo Alto, Santa Clara County, California",2026-08-21,Adzuna,,https://www.adzuna.com/details/5850583505?utm_medium=api&utm_source=d677d981
2026-09-17,SF Bay Area,Sr. Staff RF Systems Engineer,Rivian and Volkswagen Group Technologies,"Palo Alto, Santa Clara County, California",2026-08-30,Adzuna,,https://www.adzuna.com/details/5861920437?utm_medium=api&utm_source=d677d981
2026-09-17,SF Bay Area,Senior Antenna Engineer,Specter,"San Francisco, California",2026-08-29,Adzuna,,https://www.adzuna.com/details/5860847018?utm_medium=api&utm_source=d677d981
2026-09-17,SF Bay Area,RF Hardware Engineer,Hark,"San Jose, Santa Clara County, California",2026-08-19,Adzuna,,https://www.adzuna.com/details/5847928022?utm_medium=api&utm_source=d677d981
2026-09-17,SF Bay Area,Senior Signal Integrity and EMC Engineer,Zoox,"San Mateo, San Mateo County, California",2026-09-16,Adzuna,,https://www.adzuna.com/details/5886473039?utm_medium=api&utm_source=d677d981
2026-09-17,SF Bay Area,Electromagnetic Interference Engineer,"The Mice Groups, Inc.","Campbell, Santa Clara County, California",2026-09-16,Adzuna,,https://www.adzuna.com/land/ad/5885656704?se=ek_90UOy8RG_O5wpD0C-Bg&utm_medium=api&utm_source=d677d981&v=FDB53E360B010AD250E99F925B2B88102357DF00
2026-09-17,SF Bay Area,Sr. Manufacturing RF DFX Engineer,Blue Origin,"Cupertino, Santa Clara County, California",2026-09-15,Adzuna,,https://www.adzuna.com/land/ad/5884691124?se=ggWs00Oy8RG_O5wpD0C-Bg&utm_medium=api&utm_source=d677d981&v=6452D452B6FF91B89A5BA040E6EE38CA215C9826
2026-09-17,SF Bay Area,RF Module Engineer - Winter/Spring Co-Op (Jan-June '27),Skyworks,"San Jose, Santa Clara County, California",2026-08-25,Adzuna,,https://www.adzuna.com/land/ad/5855637935?se=ggWs00Oy8RG_O5wpD0C-Bg&utm_medium=api&utm_source=d677d981&v=3CBDFBBD212596146B4B5D58EC54F17C543141F8
2026-09-17,Boston,Senior RF Engineer with Security Clearance,STR,"Woburn, Middlesex County, Massachusetts",2026-09-07,Adzuna,⚠️ 클리어런스/시민권,https://www.adzuna.com/land/ad/5873936312?se=oLoM10Oy8RGW7Jd0wGJW9Q&utm_medium=api&utm_source=d677d981&v=7CB23291F7B8B907B9125262B845528D9ECC239B
2026-09-17,Boston,Senior Principal RF Engineer,BAE Systems,"Nashua, Hillsborough County, New Hampshire",2026-09-16,Adzuna,,https://www.adzuna.com/land/ad/5886359370?se=oLoM10Oy8RGW7Jd0wGJW9Q&utm_medium=api&utm_source=d677d981&v=DEB94A5E564511FFB851D87BC02E2C74756319B2
2026-09-17,Boston,Senior Principal RF Engineer with Security Clearance,BAE Systems,"Nashua, Hillsborough County, New Hampshire",2026-09-15,Adzuna,⚠️ 클리어런스/시민권,https://www.adzuna.com/land/ad/5884384597?se=oLoM10Oy8RGW7Jd0wGJW9Q&utm_medium=api&utm_source=d677d981&v=6CB7916909DE6FDF649F18B543E8591ED848139E
2026-09-17,Boston,"RF Engineer, Senior - Andover, MA",Lockheed Martin,"Andover, Essex County, Massachusetts",2026-09-01,Adzuna,,https://www.adzuna.com/land/ad/5866299068?se=oLoM10Oy8RGW7Jd0wGJW9Q&utm_medium=api&utm_source=d677d981&v=D4C33FD1677AC8D286C75FCE639DEA82582150E0
2026-09-17,Boston,RF Engineer,Tive,"Boston, Suffolk County, Massachusetts",2026-08-18,Adzuna,,https://www.adzuna.com/details/5846492881?utm_medium=api&utm_source=d677d981
2026-09-17,Boston,"RF Engineer, Sr Staff - Andover, MA with Security Clearance",Lockheed Martin,"Andover, Essex County, Massachusetts",2026-08-24,Adzuna,⚠️ 클리어런스/시민권,https://www.adzuna.com/land/ad/5854560001?se=oLoM10Oy8RGW7Jd0wGJW9Q&utm_medium=api&utm_source=d677d981&v=4787748DE5DE0643DF508FB14F90E6423D466E3A
2026-09-17,Boston,"RF Engineer, Sr Staff - Andover, MA",Lockheed Martin,"Andover, Essex County, Massachusetts",2026-09-01,Adzuna,,https://www.adzuna.com/land/ad/5866299106?se=oLoM10Oy8RGW7Jd0wGJW9Q&utm_medium=api&utm_source=d677d981&v=99212E0BBB9DA19F13729A4160D858916E195202
2026-09-17,Boston,RF Engineer - APG,Haigh-Farr,"Bedford, Hillsborough County, New Hampshire",2026-08-26,Adzuna,,https://www.adzuna.com/details/5856457650?utm_medium=api&utm_source=d677d981
2026-09-17,Boston,RF Engineer Principal,Mercury Systems,"Nashua, Hillsborough County, New Hampshire",2026-09-16,Adzuna,,https://www.adzuna.com/details/5886447520?utm_medium=api&utm_source=d677d981
2026-09-17,Boston,RF Engineer Level 3 (22116-1),PSCI,"Chelmsford, Middlesex County, Massachusetts",2026-09-07,Adzuna,⚠️ 클리어런스/시민권,https://www.adzuna.com/details/5873705971?utm_medium=api&utm_source=d677d981
2026-09-17,Boston,"Senior RF Engineer - Camarillo, California, United States",Molex,"Concord, Merrimack County, New Hampshire",2026-09-16,Adzuna,,https://www.adzuna.com/details/5886465942?utm_medium=api&utm_source=d677d981
2026-09-17,Boston,Eng Sr Prin II - RF,BAE Systems,"Nashua, Hillsborough County, New Hampshire",2026-09-16,Adzuna,,https://www.adzuna.com/details/5885742283?utm_medium=api&utm_source=d677d981
2026-09-17,Boston,EMI/EMC Senior Principal Engineer with Security Clearance,BAE Systems,"Nashua, Hillsborough County, New Hampshire",2026-09-01,Adzuna,⚠️ 클리어런스/시민권,https://www.adzuna.com/land/ad/5864087460?se=gtzX2kOy8RGW7Jd0wGJW9Q&utm_medium=api&utm_source=d677d981&v=0E527284246F4E5AA9F029FC1539561579365DE7
2026-09-17,Boston,EMI/EMC Senior Principal Engineer,BAE Systems,"Nashua, Hillsborough County, New Hampshire",2026-08-23,Adzuna,,https://www.adzuna.com/land/ad/5854128168?se=gtzX2kOy8RGW7Jd0wGJW9Q&utm_medium=api&utm_source=d677d981&v=8382987A386B43A71CF5ECBE53BDF0DCA7130D83
2026-09-17,Boston,EMI/EMC/Lightning Principal Engineer with Security Clearance,BAE Systems,"Nashua, Hillsborough County, New Hampshire",2026-09-01,Adzuna,⚠️ 클리어런스/시민권,https://www.adzuna.com/land/ad/5864082778?se=gtzX2kOy8RGW7Jd0wGJW9Q&utm_medium=api&utm_source=d677d981&v=6B0897E32637D0062A75C3F3914E15BAF889155E
2026-09-17,Boston,EMI/EMC/Lightning Principal Engineer,BAE Systems,"Nashua, Hillsborough County, New Hampshire",2026-08-28,Adzuna,,https://www.adzuna.com/land/ad/5860688642?se=gtzX2kOy8RGW7Jd0wGJW9Q&utm_medium=api&utm_source=d677d981&v=547FE3252E8848021E0113FE652AF3D643937FC0
2026-09-17,Boston,Senior Electromagnetic Environmental Effects (E3) / EMI Engineer with Security Clearance,RTX,"Marlborough, Middlesex County, Massachusetts",2026-09-01,Adzuna,⚠️ 클리어런스/시민권,https://www.adzuna.com/land/ad/5864082730?se=eHaM3EOy8RGPhZDySvILTw&utm_medium=api&utm_source=d677d981&v=B4D8836EBE2AA2EF4194A2E398F9167E5503EA1F
2026-09-17,Boston,Senior Electromagnetic Environmental Effects (E3) / EMI Engineer,RTX Corporation,"Marlborough, Middlesex County, Massachusetts",2026-08-27,Adzuna,⚠️ 클리어런스/시민권,https://www.adzuna.com/land/ad/5859190232?se=eHaM3EOy8RGPhZDySvILTw&utm_medium=api&utm_source=d677d981&v=E64B8D52C43DD6FDDD1CEF09EFA0F6C3CB020473
2026-09-17,Boston,Antenna and Microwave Engineer I,Raytheon,"Tewksbury, Middlesex County, Massachusetts",2026-09-04,Adzuna,⚠️ 클리어런스/시민권,https://www.adzuna.com/land/ad/5870967458?se=7K443kOy8RGPhZDySvILTw&utm_medium=api&utm_source=d677d981&v=A07BE67D5AAD148F494354772DEA0C65A2726FD2
2026-09-17,Boston,Senior Principal RF Microwave Engineer with Security Clearance,BAE Systems,"Nashua, Hillsborough County, New Hampshire",2026-09-10,Adzuna,⚠️ 클리어런스/시민권,https://www.adzuna.com/land/ad/5878062983?se=7K443kOy8RGPhZDySvILTw&utm_medium=api&utm_source=d677d981&v=5CB4080B86129D8CADFB36A12992220890636C54
2026-09-17,Boston,Antenna and Microwave Engineer II - Onsite with Security Clearance,RTX,"Tewksbury, Middlesex County, Massachusetts",2026-09-09,Adzuna,⚠️ 클리어런스/시민권,https://www.adzuna.com/land/ad/5877935046?se=7K443kOy8RGPhZDySvILTw&utm_medium=api&utm_source=d677d981&v=DFFDFA0286BB24FF73D696C1D2817707FD5C180B
2026-09-17,Boston,Senior Principal RF Microwave Engineer,BAE Systems,"Nashua, Hillsborough County, New Hampshire",2026-09-11,Adzuna,,https://www.adzuna.com/land/ad/5879883659?se=7K443kOy8RGPhZDySvILTw&utm_medium=api&utm_source=d677d981&v=85D2FA721C77A27AB051436D34E768BB28EC999E
2026-09-17,Boston,Antenna and Microwave Engineer II - Onsite,RTX Corporation,"Tewksbury, Middlesex County, Massachusetts",2026-09-11,Adzuna,⚠️ 클리어런스/시민권,https://www.adzuna.com/land/ad/5879635118?se=7K443kOy8RGPhZDySvILTw&utm_medium=api&utm_source=d677d981&v=E58EAF1D53A2BADFDE813272AD761E2EF1D7C433
2026-09-17,Boston,Antenna and Microwave Engineer II - Onsite,Pratt & Whitney,"Tewksbury, Middlesex County, Massachusetts",2026-09-02,Adzuna,⚠️ 클리어런스/시민권,https://www.adzuna.com/details/5866519211?utm_medium=api&utm_source=d677d981
2026-09-17,Boston,Sr Principal Antenna Microwave Engineer,Raytheon,"Tewksbury, Middlesex County, Massachusetts",2026-09-16,Adzuna,⚠️ 클리어런스/시민권,https://www.adzuna.com/details/5886473790?utm_medium=api&utm_source=d677d981
2026-09-17,Boston,Senior Principal Engineer - RF with Security Clearance,BAE Systems,"Nashua, Hillsborough County, New Hampshire",2026-09-02,Adzuna,⚠️ 클리어런스/시민권,https://www.adzuna.com/land/ad/5866513841?se=7K443kOy8RGPhZDySvILTw&utm_medium=api&utm_source=d677d981&v=8BD975BF6E567991148C99B0E56C558999024D84
2026-09-17,Boston,"Product Engineer, RF/MMIC",MACOM,"Chelmsford, Middlesex County, Massachusetts",2026-08-30,Adzuna,,https://www.adzuna.com/details/5862018616?utm_medium=api&utm_source=d677d981
2026-09-17,Boston,RF Design Engineer II with Security Clearance,RTX,"Tewksbury, Middlesex County, Massachusetts",2026-08-19,Adzuna,⚠️ 클리어런스/시민권,https://www.adzuna.com/land/ad/5848691724?se=7K443kOy8RGPhZDySvILTw&utm_medium=api&utm_source=d677d981&v=6870DE1999C83501D42B87A577AAA81E16B39222
2026-09-17,Boston,Senior RF Design Engineer with Security Clearance,RTX,"Tewksbury, Middlesex County, Massachusetts",2026-08-19,Adzuna,⚠️ 클리어런스/시민권,https://www.adzuna.com/land/ad/5848691723?se=7K443kOy8RGPhZDySvILTw&utm_medium=api&utm_source=d677d981&v=32B043594E5F1DC0E198879A28D1C93EFCB5FF63
2026-09-17,Boston,RF Front-End PA Design Co-Op (Jan-June 2027),Skyworks,"Andover, Essex County, Massachusetts",2026-08-21,Adzuna,,https://www.adzuna.com/details/5851949512?utm_medium=api&utm_source=d677d981
2026-09-17,Boston,RF Design Co-Op (Jan-June 2027),Skyworks,"Andover, Essex County, Massachusetts",2026-08-21,Adzuna,,https://www.adzuna.com/details/5851949510?utm_medium=api&utm_source=d677d981
2026-09-17,Boston,Eng Sr Prin - RF,BAE Systems,"Nashua, Hillsborough County, New Hampshire",2026-09-11,Adzuna,,https://www.adzuna.com/details/5879749213?utm_medium=api&utm_source=d677d981
2026-09-17,Boston,Senior RF Design Engineer,RTX Corporation,"Marlborough, Middlesex County, Massachusetts",2026-08-20,Adzuna,⚠️ 클리어런스/시민권,https://www.adzuna.com/land/ad/5850442179?se=7K443kOy8RGPhZDySvILTw&utm_medium=api&utm_source=d677d981&v=9DB1D63922164F372A37D9984B2DA3372005D8A3
2026-09-17,Boston,RF Design Engineer II,RTX Corporation,"Tewksbury, Middlesex County, Massachusetts",2026-08-20,Adzuna,⚠️ 클리어런스/시민권,https://www.adzuna.com/land/ad/5850442190?se=7K443kOy8RGPhZDySvILTw&utm_medium=api&utm_source=d677d981&v=DAA38A1C3C8DF3A76B9A2B9282869C2D478C9650
2026-09-17,Boston,Senior Principal RF Design Engineer,RTX,"Tewksbury, Middlesex County, Massachusetts",2026-08-18,Adzuna,⚠️ 클리어런스/시민권,https://www.adzuna.com/land/ad/5846173049?se=6DyE4EOy8RGW7Jd0wGJW9Q&utm_medium=api&utm_source=d677d981&v=831B5AC6EEA4E68856940B0B5DF4F51AD721C6E4
2026-09-17,Washington DC,"Radio Frequency (RF) Engineer, Signal Processing",Battelle Memorial Institute,"Chantilly, Fairfax County, Virginia",2026-08-27,Adzuna,,https://www.adzuna.com/details/5859060235?utm_medium=api&utm_source=d677d981
2026-09-17,Washington DC,Principal RF/DSP Engineer,AeroVironment,"Leesburg, Loudoun County, Virginia",2026-08-28,Adzuna,,https://www.adzuna.com/details/5859439133?utm_medium=api&utm_source=d677d981
2026-09-17,Washington DC,RF/Microwave Engineer,"Herrick Technology Laboratories, Inc.","Germantown, Montgomery County, Maryland",2026-08-25,Adzuna,,https://www.adzuna.com/land/ad/5855405489?se=6g5H70Oy8RGRr_JonSYGrg&utm_medium=api&utm_source=d677d981&v=2EDDF5E9CB4A0AE91E3E7B337F7DAD799EE98291
2026-09-17,Washington DC,Senior RF and Antennas System Engineer,CACI,"Fairfax, Fairfax County, Virginia",2026-09-16,Adzuna,,https://www.adzuna.com/land/ad/5886232916?se=6g5H70Oy8RGRr_JonSYGrg&utm_medium=api&utm_source=d677d981&v=E0CEA332A1AE670AD81A1F8693F95F5ED794DDE2
2026-09-17,Washington DC,RF and Antennas Systems Engineer,CACI International,"Sterling, Loudoun County, Virginia",2026-08-25,Adzuna,,https://www.adzuna.com/details/5856144416?utm_medium=api&utm_source=d677d981
2026-09-17,Washington DC,"RF Systems Analysis Engineer, Regulatory (Starlink)",spacex,"Washington, DC",2026-09-01,Greenhouse/spacex,,https://boards.greenhouse.io/spacex/jobs/8691059002?gh_jid=8691059002
2026-09-17,SF Bay Area,Sr. RF Front-End Module Design Engineer (RFIC Engineering),spacex,"Sunnyvale, CA",2026-09-01,Greenhouse/spacex,,https://boards.greenhouse.io/spacex/jobs/8562302002?gh_jid=8562302002
2026-09-17,Washington DC,"Sr. RF Systems Analysis Engineer, Regulatory (Starlink)",spacex,"Washington, DC",2026-09-01,Greenhouse/spacex,,https://boards.greenhouse.io/spacex/jobs/8687990002?gh_jid=8687990002
2026-09-17,SF Bay Area,"Sr. Signal Integrity Engineer - Serdes, Satellites (Starlink)",spacex,"Palo Alto, CA",2026-09-01,Greenhouse/spacex,,https://boards.greenhouse.io/spacex/jobs/8627692002?gh_jid=8627692002
2026-09-17,SF Bay Area,Sr. Wireless Firmware Engineer (Starlink Mobile),spacex,"Palo Alto, CA",2026-09-01,Greenhouse/spacex,,https://boards.greenhouse.io/spacex/jobs/8546682002?gh_jid=8546682002
2026-09-17,SF Bay Area,Sr. Wireless Software Engineer (Starlink),spacex,"Palo Alto, CA",2026-09-01,Greenhouse/spacex,,https://boards.greenhouse.io/spacex/jobs/8637796002?gh_jid=8637796002
2026-09-17,SF Bay Area,Wireless Firmware Engineer (Starlink Mobile),spacex,"Palo Alto, CA",2026-09-01,Greenhouse/spacex,,https://boards.greenhouse.io/spacex/jobs/8546713002?gh_jid=8546713002
2026-09-17,SF Bay Area,Wireless Software Engineer (Starlink),spacex,"Palo Alto, CA",2026-09-01,Greenhouse/spacex,,https://boards.greenhouse.io/spacex/jobs/8637814002?gh_jid=8637814002
2026-09-17,SF Bay Area,Wireless Systems Engineer (Starlink Mobile),spacex,"Sunnyvale, CA",2026-09-01,Greenhouse/spacex,,https://boards.greenhouse.io/spacex/jobs/8546717002?gh_jid=8546717002
2026-09-17,Boston,Radio Frequency Engineering Mgr - L5 with Security Clearance,Lockheed Martin,"Chelmsford, Middlesex County, Massachusetts",2026-09-16,Adzuna,⚠️ 클리어런스/시민권,https://www.adzuna.com/land/ad/5885613890?se=hDMAWFSy8RGezJEXxpo3fA&utm_medium=api&utm_source=d677d981&v=02AA69361A0D89BFCA2E287F5647243466C3B49C
2026-09-17,Washington DC,Spaceflight Safety -RF Engineering Analyst,Peraton Corporation,"Fort Belvoir, Fairfax County, Virginia",2026-09-16,Adzuna,,https://www.adzuna.com/details/5886447511?utm_medium=api&utm_source=d677d981
2026-09-17,Washington DC,Radio Frequency (RF) Electrical Engineer-04532,Syneren Technologies,"Vienna, Fairfax County, Virginia",2026-09-16,Adzuna,,https://www.adzuna.com/land/ad/5886628518?se=2uJAYlSy8RGPhZDySvILTw&utm_medium=api&utm_source=d677d981&v=FF2572C23401BD6769E2C0366EBEEF7C2D0D17B3
2026-09-17,Washington DC,Senior RF Analyst with Security Clearance,Aerospace Corporation,"Chantilly, Fairfax County, Virginia",2026-09-15,Adzuna,⚠️ 클리어런스/시민권,https://www.adzuna.com/land/ad/5884382291?se=2uJAYlSy8RGPhZDySvILTw&utm_medium=api&utm_source=d677d981&v=B95432201B5386309AF6D05976F59FF3FC1A5120
2026-09-17,Washington DC,Senior RF Analyst,The Aerospace Corporation,"Chantilly, Fairfax County, Virginia",2026-09-16,Adzuna,,https://www.adzuna.com/details/5886155286?utm_medium=api&utm_source=d677d981
2026-09-17,Boston,Rf Engineer,Actalent,"Tyngsborough, Middlesex County, Massachusetts",2026-09-14,Adzuna,,https://www.adzuna.com/land/ad/5883500453?se=Jh9HU3Wy8RGRr_JonSYGrg&utm_medium=api&utm_source=d677d981&v=4233F5FAAC4701269FFD0D6F0185732FB0AA66CE
2026-09-17,Washington DC,RF Engineer with Security Clearance,Amentum,"Dahlgren, King George County, Virginia",2026-09-15,Adzuna,⚠️ 클리어런스/시민권,https://www.adzuna.com/land/ad/5884993089?se=EG9DXnWy8RGG_Ptdkojnvw&utm_medium=api&utm_source=d677d981&v=84341C7C92CE6EA3A8FE080F091D9CA3ECB684D3
2026-09-17,Washington DC,RF Engineer - 30280 with Security Clearance,HII Mission Technologies,"Annapolis, Anne Arundel County, Maryland",2026-09-17,Adzuna,⚠️ 클리어런스/시민권,https://www.adzuna.com/land/ad/5887131176?se=EG9DXnWy8RGG_Ptdkojnvw&utm_medium=api&utm_source=d677d981&v=697DA27EA32C7BEECD1DACFB11D4388C01F4E888
2026-09-17,Washington DC,Senior Electromagnetic Pulse (EMP) or RF Engineer Sign-On Bonus with Security Clearance,Amentum,"Dahlgren, King George County, Virginia",2026-09-15,Adzuna,⚠️ 클리어런스/시민권,https://www.adzuna.com/land/ad/5884853941?se=EG9DXnWy8RGG_Ptdkojnvw&utm_medium=api&utm_source=d677d981&v=42C372DC0693903AA597BA8ECBDB06B16DA4188B
2026-09-17,Washington DC,Engineer RF Microwave Design 1,"Judge Group, Inc.","East Case, Baltimore, Maryland",2026-09-15,Adzuna,,https://www.adzuna.com/land/ad/5885464012?se=EG9DXnWy8RGG_Ptdkojnvw&utm_medium=api&utm_source=d677d981&v=7637B07B6CA4CF8D421C516594D94C3C3C88A2FB
2026-09-17,Washington DC,Mid Level Radio Frequency Engineer with Security Clearance,Amentum,"Dahlgren, King George County, Virginia",2026-09-15,Adzuna,⚠️ 클리어런스/시민권,https://www.adzuna.com/land/ad/5884818679?se=EG9DXnWy8RGG_Ptdkojnvw&utm_medium=api&utm_source=d677d981&v=4BB238A2BAF660E13F7315BF5C83622D9795E7BF
2026-09-17,Washington DC,RF MICROWAVE DESIGN ENGINEER 1 with Security Clearance,"ASD, Inc.","Baltimore, Baltimore County, Maryland",2026-09-15,Adzuna,⚠️ 클리어런스/시민권,https://www.adzuna.com/land/ad/5885463415?se=EG9DXnWy8RGG_Ptdkojnvw&utm_medium=api&utm_source=d677d981&v=E089765424EF27B20EA0E667E900EFD42ADA1A98
2026-09-17,Washington DC,Senior Electromagnetic Environmental Effects (E3) Engineer with Security Clearance,Amentum,"Dahlgren, King George County, Virginia",2026-09-15,Adzuna,⚠️ 클리어런스/시민권,https://www.adzuna.com/land/ad/5884998563?se=hrO4ZXWy8RGW7Jd0wGJW9Q&utm_medium=api&utm_source=d677d981&v=707B8E488F0DA275FDD7E81A66F20F90403428D8
2026-09-17,SF Bay Area,Electromagnetic Compatibility (EMC) Engineer III,Blue Origin,"San Francisco, CA",2026-09-16,JSearch/LinkedIn,⚠️ 클리어런스/시민권,https://www.linkedin.com/jobs/view/electromagnetic-compatibility-emc-engineer-iii-at-blue-origin-4446261344
2026-09-17,SF Bay Area,Electromagnetic Compatibility Engineer,Insight Global,"San Jose, CA",2026-09-09,JSearch/LinkedIn,,https://www.linkedin.com/jobs/view/electromagnetic-compatibility-engineer-at-insight-global-4463896916
2026-09-17,SF Bay Area,"Senior Hardware Engineer, EMI/EMC",Rivet Industries,"San Jose, CA",2026-09-09,JSearch/LinkedIn,⚠️ 클리어런스/시민권,https://www.linkedin.com/jobs/view/senior-hardware-engineer-emi-emc-at-rivet-industries-4462554871
2026-09-17,SF Bay Area,Principal mmWave Design Engineer (Power Amplifiers) - TeraWave,Blue Origin,"San Francisco, CA",2026-08-30,JSearch/LinkedIn,⚠️ 클리어런스/시민권,https://www.linkedin.com/jobs/view/principal-mmwave-design-engineer-power-amplifiers-terawave-at-blue-origin-4430629418
2026-09-17,SF Bay Area,"Senior RF Engineer, Devices",Gridware,"San Francisco, CA",2026-09-09,JSearch/LinkedIn,,https://www.linkedin.com/jobs/view/senior-rf-engineer-devices-at-gridware-4443628908
2026-09-17,SF Bay Area,Senior RFIC Layout Engineer – CMOS Analog/RF,Apple Inc.,"San Francisco, CA",2026-09-06,JSearch/JobLeads,,https://www.jobleads.com/us/job/senior-rfic-layout-engineer-cmos-analog-rf--san-francisco--ed38921c98692033a3ead6fe4ce774d99
2026-09-17,SF Bay Area,Principal Radio Frequency Engineer,Lumex Talent,"Mountain View, CA",2026-09-15,JSearch/LinkedIn,⚠️ 클리어런스/시민권,https://www.linkedin.com/jobs/view/principal-radio-frequency-engineer-at-lumex-talent-4465595354
2026-09-17,SF Bay Area,Senior RF Design and Test Engineer,Triveni IT,"Sunnyvale, CA",2026-09-09,JSearch/LinkedIn,,https://www.linkedin.com/jobs/view/senior-rf-design-and-test-engineer-at-triveni-it-4463868758
2026-09-17,SF Bay Area,RF Engineer 3,Lam Research Corporation,"Fremont, CA",2026-09-02,JSearch/Lam Research – Careers,,https://opportunities.lamresearch.com/job/Fremont-RF-Engineer-3-CA-94536/1406136000/
2026-09-17,SF Bay Area,Senior Wireless RF Systems Engineer,Mytra,"Brisbane, CA",2026-09-11,JSearch/ZipRecruiter,,"https://www.ziprecruiter.com/c/Mytra/Job/Senior-Wireless-RF-Systems-Engineer/-in-Brisbane,CA?jid=fb9504a11bd73568"
2026-09-17,SF Bay Area,Radio Frequency Engineer,OSI Engineering,"Cupertino, CA",2026-09-02,JSearch/LinkedIn,,https://www.linkedin.com/jobs/view/radio-frequency-engineer-at-osi-engineering-4461335329
2026-09-17,Boston,Staff Engineer - EMC,Intertek,"Boxborough, MA",2026-09-13,JSearch/ZipRecruiter,,"https://www.ziprecruiter.com/c/Intertek/Job/Staff-Engineer-EMC/-in-Boxboro,MA?jid=f4e49147e384d114"
2026-09-17,Boston,Senior EMC/EMI Compliance Engineer TERADYNE,Teradyne,"North Reading, MA",2026-09-16,JSearch/Jobilize,,https://www.jobilize.com/amp/job/us-ma-north-reading-senior-emc-emi-compliance-engineer-teradyne-hiring
2026-09-17,Boston,Senior EMI/EMC Engineer for High-Performance Sensor Systems,Raytheon,"Marlborough, MA",2026-09-07,JSearch/JobLeads,⚠️ 클리어런스/시민권,https://www.jobleads.com/us/job/senior-emi-emc-engineer-for-high-performance-sensor-systems--marlborough--e2f0cded242321a6aac6f83c058a3cefb
2026-09-17,Boston,Senior EMC Test Engineer,Teradyne,"North Reading, MA",2026-09-01,JSearch/Trabajo.org,,https://us.trabajo.org/job-5003-91634f364e1222be005f727f519a8c65
2026-09-17,Boston,EMI Test Engineer,RTX,"Marlborough, MA",2026-09-07,JSearch/RTX Careers,⚠️ 클리어런스/시민권,https://careers.rtx.com/ca/fr/job/01871931/EMI-Test-Engineer
2026-09-17,Boston,"EMC Design and Test Engineer North Reading, MA",Teradyne,"Reading, MA",2026-09-12,JSearch/Learn4Good,,https://www.learn4good.com/jobs/reading/massachusetts/engineering/5307470852/e/
2026-09-17,Boston,"Staff MMIC Design Engineer - SoI RF, Onsite Boston",LintrinsIC Semiconductors Inc.,"Boston, MA",2026-09-07,JSearch/BeBee,⚠️ 클리어런스/시민권,https://bebee.com/us/jobs/staff-mmic-design-engineer-soi-rf-onsite-boston-lintrinsic-semiconductors-inc-boston--pureheal-28528_25199_27a55b5539f7930af82d8025d32a7612
2026-09-17,Boston,Senior RF Electrical Engineer,Axcelis Technologies,"Beverly, MA",2026-09-14,JSearch/LinkedIn,,https://www.linkedin.com/jobs/view/senior-rf-electrical-engineer-at-axcelis-technologies-4467262291
2026-09-17,Boston,Senior Staff Design Engineer – Analog/Mixed-Signal/RF,MediaTek,"Woburn, MA",2026-09-16,JSearch/LinkedIn,,https://www.linkedin.com/jobs/view/senior-staff-design-engineer-%E2%80%93-analog-mixed-signal-rf-at-mediatek-4430373274
2026-09-17,Boston,"Electrical Engineer, Analog + RF",X-Sight Incorporated,"Boston, MA",2026-08-21,JSearch/Indeed,,https://www.indeed.com/viewjob?jk=1f804be7b6e6731e
2026-09-17,Boston,RF/Microwave Design Engineer,Acro Service Corp,"Lexington, MA",2026-08-19,JSearch/IHireEngineering,,https://www.ihireengineering.com/jobs/view/533686782
2026-09-17,Boston,Senior Principal AE-RF Design Engineer,Cadence,"Burlington, MA",2026-08-25,JSearch/LinkedIn,,https://www.linkedin.com/jobs/view/senior-principal-ae-rf-design-engineer-at-cadence-4448818125
2026-09-17,Boston,RF Engineer,MIT Lincoln Laboratory,"Lexington, MA",2026-08-22,JSearch/Jobs At MIT Lincoln Laboratory - MIT,⚠️ 클리어런스/시민권,https://careers.ll.mit.edu/job/Lexington-RF-Engineer-MA-02420/1386364700/
2026-09-17,Washington DC,Electromagnetic Compatibility (EMC) Engineer III,Blue Origin,"Reston, VA",2026-09-15,JSearch/LinkedIn,⚠️ 클리어런스/시민권,https://www.linkedin.com/jobs/view/electromagnetic-compatibility-emc-engineer-iii-at-blue-origin-4446259338
2026-09-17,Washington DC,RF & Spectrum Engineer for NAS/C-UAS Analysis,Leidos Inc,"Washington, DC",2026-09-03,JSearch/JobLeads,,https://www.jobleads.com/us/job/rf-spectrum-engineer-for-nas-c-uas-analysis--washington--e6e28ea23946cf81a3a2d2aacc79bb097
2026-09-17,Washington DC,Radio Frequency Systems Engineer,LEIDOS,"Washington, DC",2026-09-09,JSearch/SaluteMyJob,,https://salutemyjob.com/jobs/radio-frequency-systems-engineer-washington-washington-dc/2963640150-2/
2026-09-17,Washington DC,Spectrum Engineer/Radio Frequency,Leidos,"Washington, DC",2026-09-08,JSearch/BeBee,,https://bebee.com/us/jobs/spectrum-engineer-radio-frequency-leidos-washington-dc--jooble-5694396599085643122
2026-09-17,Washington DC,"Senior RF Geolocation Engineer, Spectrum Sensing Team",CHAOS Industries,"Washington, DC",2026-09-04,JSearch/Simplify,⚠️ 클리어런스/시민권,https://simplify.jobs/p/576aeab9-846e-49cd-a71c-a1c41c6f3167/Senior-Radio-Frequency-Geolocation-Engineer
2026-09-17,Washington DC,"Enterprise - Senior RF Software Engineer - DSP, Linux, C++",Erias Ventures,"Annapolis Junction, MD",2026-09-14,JSearch/LinkedIn,⚠️ 클리어런스/시민권,https://www.linkedin.com/jobs/view/enterprise-senior-rf-software-engineer-dsp-linux-c%2B%2B-at-erias-ventures-4467256398
2026-09-17,Washington DC,RF Systems Program Manager,Lynk,"Washington, DC",2026-08-20,JSearch/Trabajo.org,,https://us.trabajo.org/job-28652-59e584dd6c839ec6f00a587d2434fe4b
2026-09-17,Washington DC,Junior PCB Drafter – RF & Power Boards,CACI,"Washington, DC",2026-08-20,JSearch/Hire.run,⚠️ 클리어런스/시민권,https://hire.run/jobs/caci-junior-pcb-drafter-rf-power-boards-washington-dc-1ktt
2026-09-17,Washington DC,Radio Frequency Engineer Sr Stf - E5,Lockheed Martin,"Severn, MD",2026-09-05,JSearch/LinkedIn,,https://www.linkedin.com/jobs/view/radio-frequency-engineer-sr-stf-e5-at-lockheed-martin-4461481067
2026-09-17,Washington DC,Principal RF Communications Systems Engineer,SES Space & Defense,"Reston, VA",2026-09-02,JSearch/LinkedIn,,https://www.linkedin.com/jobs/view/principal-rf-communications-systems-engineer-at-ses-space-defense-4428895480
2026-09-17,Washington DC,"Space Payload RF Engineer, Lead",Booz Allen Hamilton,"Chantilly, VA",2026-08-28,JSearch/LinkedIn,⚠️ 클리어런스/시민권,https://www.linkedin.com/jobs/view/space-payload-rf-engineer-lead-at-booz-allen-hamilton-4460516359
